stem,sensor,sensor_family,tier,category,category_label,anomaly_type,bands,height,width,anomaly_px,anomaly_pct,cube_url,gt_url,preview_url
ang20170821t183707_1,aviris_ng,AVIRIS family,unlabeled,background,Clean background (pretrain),Clean background (pretrain),425,81,81,0,,,,
ang20170821t183707_10,aviris_ng,AVIRIS family,unlabeled,background,Clean background (pretrain),Clean background (pretrain),425,81,81,0,,,,
ang20170821t183707_11,aviris_ng,AVIRIS family,unlabeled,background,Clean background (pretrain),Clean background (pretrain),425,81,81,0,,,,
ang20170821t183707_12,aviris_ng,AVIRIS family,unlabeled,background,Clean background (pretrain),Clean background (pretrain),425,81,81,0,,,,
ang20170821t183707_13,aviris_ng,AVIRIS family,unlabeled,background,Clean background (pretrain),Clean background (pretrain),425,81,81,0,,,,
ang20170821t183707_14,aviris_ng,AVIRIS family,unlabeled,background,Clean background (pretrain),Clean background (pretrain),425,81,81,0,,,,
ang20170821t183707_15,aviris_ng,AVIRIS family,unlabeled,background,Clean background (pretrain),Clean background (pretrain),425,81,81,0,,,,
ang20170821t183707_16,aviris_ng,AVIRIS family,unlabeled,background,Clean background (pretrain),Clean background (pretrain),425,81,81,0,,,,
ang20170821t183707_17,aviris_ng,AVIRIS family,unlabeled,background,Clean background (pretrain),Clean background (pretrain),425,81,81,0,,,,
ang20170821t183707_18,aviris_ng,AVIRIS family,unlabeled,background,Clean background (pretrain),Clean background (pretrain),425,81,81,0,,,,
ang20170821t183707_19,aviris_ng,AVIRIS family,unlabeled,background,Clean background (pretrain),Clean background (pretrain),425,81,81,0,,,,
ang20170821t183707_2,aviris_ng,AVIRIS family,unlabeled,background,Clean background (pretrain),Clean background (pretrain),425,81,81,0,,,,
ang20170821t183707_20,aviris_ng,AVIRIS family,unlabeled,background,Clean background (pretrain),Clean background (pretrain),425,81,81,0,,,,
ang20170821t183707_21,aviris_ng,AVIRIS family,unlabeled,background,Clean background (pretrain),Clean background (pretrain),425,81,81,0,,,,
ang20170821t183707_22,aviris_ng,AVIRIS family,unlabeled,background,Clean background (pretrain),Clean background (pretrain),425,81,81,0,,,,
ang20170821t183707_23,aviris_ng,AVIRIS family,unlabeled,background,Clean background (pretrain),Clean background (pretrain),425,81,81,0,,,,
ang20170821t183707_24,aviris_ng,AVIRIS family,unlabeled,background,Clean background (pretrain),Clean background (pretrain),425,81,81,0,,,,
ang20170821t183707_25,aviris_ng,AVIRIS family,unlabeled,background,Clean background (pretrain),Clean background (pretrain),425,81,81,0,,,,
ang20170821t183707_26,aviris_ng,AVIRIS family,unlabeled,background,Clean background (pretrain),Clean background (pretrain),425,81,81,0,,,,
ang20170821t183707_27,aviris_ng,AVIRIS family,unlabeled,background,Clean background (pretrain),Clean background (pretrain),425,81,81,0,,,,
ang20170821t183707_28,aviris_ng,AVIRIS family,unlabeled,background,Clean background (pretrain),Clean background (pretrain),425,81,81,0,,,,
ang20170821t183707_29,aviris_ng,AVIRIS family,unlabeled,background,Clean background (pretrain),Clean background (pretrain),425,81,81,0,,,,
ang20170821t183707_3,aviris_ng,AVIRIS family,unlabeled,background,Clean background (pretrain),Clean background (pretrain),425,81,81,0,,,,
ang20170821t183707_30,aviris_ng,AVIRIS family,unlabeled,background,Clean background (pretrain),Clean background (pretrain),425,81,81,0,,,,
ang20170821t183707_31,aviris_ng,AVIRIS family,unlabeled,background,Clean background (pretrain),Clean background (pretrain),425,81,81,0,,,,
ang20170821t183707_32,aviris_ng,AVIRIS family,unlabeled,background,Clean background (pretrain),Clean background (pretrain),425,81,81,0,,,,
ang20170821t183707_33,aviris_ng,AVIRIS family,unlabeled,background,Clean background (pretrain),Clean background (pretrain),425,81,81,0,,,,
ang20170821t183707_34,aviris_ng,AVIRIS family,unlabeled,background,Clean background (pretrain),Clean background (pretrain),425,81,81,0,,,,
ang20170821t183707_35,aviris_ng,AVIRIS family,unlabeled,background,Clean background (pretrain),Clean background (pretrain),425,81,81,0,,,,
ang20170821t183707_36,aviris_ng,AVIRIS family,unlabeled,background,Clean background (pretrain),Clean background (pretrain),425,81,81,0,,,,
ang20170821t183707_37,aviris_ng,AVIRIS family,unlabeled,background,Clean background (pretrain),Clean background (pretrain),425,81,81,0,,,,
ang20170821t183707_38,aviris_ng,AVIRIS family,unlabeled,background,Clean background (pretrain),Clean background (pretrain),425,81,81,0,,,,
ang20170821t183707_39,aviris_ng,AVIRIS family,unlabeled,background,Clean background (pretrain),Clean background (pretrain),425,81,81,0,,,,
ang20170821t183707_4,aviris_ng,AVIRIS family,unlabeled,background,Clean background (pretrain),Clean background (pretrain),425,81,81,0,,,,
ang20170821t183707_40,aviris_ng,AVIRIS family,unlabeled,background,Clean background (pretrain),Clean background (pretrain),425,81,81,0,,,,
ang20170821t183707_41,aviris_ng,AVIRIS family,unlabeled,background,Clean background (pretrain),Clean background (pretrain),425,81,81,0,,,,
ang20170821t183707_42,aviris_ng,AVIRIS family,unlabeled,background,Clean background (pretrain),Clean background (pretrain),425,81,81,0,,,,
ang20170821t183707_43,aviris_ng,AVIRIS family,unlabeled,background,Clean background (pretrain),Clean background (pretrain),425,81,81,0,,,,
ang20170821t183707_44,aviris_ng,AVIRIS family,unlabeled,background,Clean background (pretrain),Clean background (pretrain),425,81,81,0,,,,
ang20170821t183707_45,aviris_ng,AVIRIS family,unlabeled,background,Clean background (pretrain),Clean background (pretrain),425,81,81,0,,,,
ang20170821t183707_46,aviris_ng,AVIRIS family,unlabeled,background,Clean background (pretrain),Clean background (pretrain),425,81,81,0,,,,
ang20170821t183707_47,aviris_ng,AVIRIS family,unlabeled,background,Clean background (pretrain),Clean background (pretrain),425,81,81,0,,,,
ang20170821t183707_48,aviris_ng,AVIRIS family,unlabeled,background,Clean background (pretrain),Clean background (pretrain),425,81,81,0,,,,
ang20170821t183707_49,aviris_ng,AVIRIS family,unlabeled,background,Clean background (pretrain),Clean background (pretrain),425,81,81,0,,,,
ang20170821t183707_5,aviris_ng,AVIRIS family,unlabeled,background,Clean background (pretrain),Clean background (pretrain),425,81,81,0,,,,
ang20170821t183707_50,aviris_ng,AVIRIS family,unlabeled,background,Clean background (pretrain),Clean background (pretrain),425,81,81,0,,,,
ang20170821t183707_51,aviris_ng,AVIRIS family,unlabeled,background,Clean background (pretrain),Clean background (pretrain),425,81,81,0,,,,
ang20170821t183707_52,aviris_ng,AVIRIS family,unlabeled,background,Clean background (pretrain),Clean background (pretrain),425,81,81,0,,,,
ang20170821t183707_53,aviris_ng,AVIRIS family,unlabeled,background,Clean background (pretrain),Clean background (pretrain),425,81,81,0,,,,
ang20170821t183707_54,aviris_ng,AVIRIS family,unlabeled,background,Clean background (pretrain),Clean background (pretrain),425,81,81,0,,,,
ang20170821t183707_55,aviris_ng,AVIRIS family,unlabeled,background,Clean background (pretrain),Clean background (pretrain),425,81,81,0,,,,
ang20170821t183707_56,aviris_ng,AVIRIS family,unlabeled,background,Clean background (pretrain),Clean background (pretrain),425,81,81,0,,,,
ang20170821t183707_57,aviris_ng,AVIRIS family,unlabeled,background,Clean background (pretrain),Clean background (pretrain),425,81,81,0,,,,
ang20170821t183707_58,aviris_ng,AVIRIS family,unlabeled,background,Clean background (pretrain),Clean background (pretrain),425,81,81,0,,,,
ang20170821t183707_59,aviris_ng,AVIRIS family,unlabeled,background,Clean background (pretrain),Clean background (pretrain),425,81,81,0,,,,
ang20170821t183707_6,aviris_ng,AVIRIS family,unlabeled,background,Clean background (pretrain),Clean background (pretrain),425,81,81,0,,,,
ang20170821t183707_60,aviris_ng,AVIRIS family,unlabeled,background,Clean background (pretrain),Clean background (pretrain),425,81,81,0,,,,
ang20170821t183707_61,aviris_ng,AVIRIS family,unlabeled,background,Clean background (pretrain),Clean background (pretrain),425,81,81,0,,,,
ang20170821t183707_62,aviris_ng,AVIRIS family,unlabeled,background,Clean background (pretrain),Clean background (pretrain),425,81,81,0,,,,
ang20170821t183707_63,aviris_ng,AVIRIS family,unlabeled,background,Clean background (pretrain),Clean background (pretrain),425,81,81,0,,,,
ang20170821t183707_64,aviris_ng,AVIRIS family,unlabeled,background,Clean background (pretrain),Clean background (pretrain),425,81,81,0,,,,
ang20170821t183707_65,aviris_ng,AVIRIS family,unlabeled,background,Clean background (pretrain),Clean background (pretrain),425,81,81,0,,,,
ang20170821t183707_66,aviris_ng,AVIRIS family,unlabeled,background,Clean background (pretrain),Clean background (pretrain),425,81,81,0,,,,
ang20170821t183707_67,aviris_ng,AVIRIS family,unlabeled,background,Clean background (pretrain),Clean background (pretrain),425,81,81,0,,,,
ang20170821t183707_68,aviris_ng,AVIRIS family,unlabeled,background,Clean background (pretrain),Clean background (pretrain),425,81,81,0,,,,
ang20170821t183707_69,aviris_ng,AVIRIS family,unlabeled,background,Clean background (pretrain),Clean background (pretrain),425,81,81,0,,,,
ang20170821t183707_7,aviris_ng,AVIRIS family,unlabeled,background,Clean background (pretrain),Clean background (pretrain),425,81,81,0,,,,
ang20170821t183707_70,aviris_ng,AVIRIS family,unlabeled,background,Clean background (pretrain),Clean background (pretrain),425,81,81,0,,,,
ang20170821t183707_71,aviris_ng,AVIRIS family,unlabeled,background,Clean background (pretrain),Clean background (pretrain),425,81,81,0,,,,
ang20170821t183707_72,aviris_ng,AVIRIS family,unlabeled,background,Clean background (pretrain),Clean background (pretrain),425,81,81,0,,,,
ang20170821t183707_73,aviris_ng,AVIRIS family,unlabeled,background,Clean background (pretrain),Clean background (pretrain),425,81,81,0,,,,
ang20170821t183707_74,aviris_ng,AVIRIS family,unlabeled,background,Clean background (pretrain),Clean background (pretrain),425,81,81,0,,,,
ang20170821t183707_75,aviris_ng,AVIRIS family,unlabeled,background,Clean background (pretrain),Clean background (pretrain),425,81,81,0,,,,
ang20170821t183707_76,aviris_ng,AVIRIS family,unlabeled,background,Clean background (pretrain),Clean background (pretrain),425,81,81,0,,,,
ang20170821t183707_77,aviris_ng,AVIRIS family,unlabeled,background,Clean background (pretrain),Clean background (pretrain),425,81,81,0,,,,
ang20170821t183707_78,aviris_ng,AVIRIS family,unlabeled,background,Clean background (pretrain),Clean background (pretrain),425,81,81,0,,,,
ang20170821t183707_79,aviris_ng,AVIRIS family,unlabeled,background,Clean background (pretrain),Clean background (pretrain),425,81,81,0,,,,
ang20170821t183707_8,aviris_ng,AVIRIS family,unlabeled,background,Clean background (pretrain),Clean background (pretrain),425,81,81,0,,,,
ang20170821t183707_80,aviris_ng,AVIRIS family,unlabeled,background,Clean background (pretrain),Clean background (pretrain),425,81,81,0,,,,
ang20170821t183707_81,aviris_ng,AVIRIS family,unlabeled,background,Clean background (pretrain),Clean background (pretrain),425,81,81,0,,,,
ang20170821t183707_82,aviris_ng,AVIRIS family,unlabeled,background,Clean background (pretrain),Clean background (pretrain),425,81,81,0,,,,
ang20170821t183707_83,aviris_ng,AVIRIS family,unlabeled,background,Clean background (pretrain),Clean background (pretrain),425,81,81,0,,,,
ang20170821t183707_84,aviris_ng,AVIRIS family,unlabeled,background,Clean background (pretrain),Clean background (pretrain),425,81,81,0,,,,
ang20170821t183707_85,aviris_ng,AVIRIS family,unlabeled,background,Clean background (pretrain),Clean background (pretrain),425,81,81,0,,,,
ang20170821t183707_86,aviris_ng,AVIRIS family,unlabeled,background,Clean background (pretrain),Clean background (pretrain),425,81,81,0,,,,
ang20170821t183707_87,aviris_ng,AVIRIS family,unlabeled,background,Clean background (pretrain),Clean background (pretrain),425,81,81,0,,,,
ang20170821t183707_88,aviris_ng,AVIRIS family,unlabeled,background,Clean background (pretrain),Clean background (pretrain),425,81,81,0,,,,
ang20170821t183707_89,aviris_ng,AVIRIS family,unlabeled,background,Clean background (pretrain),Clean background (pretrain),425,81,81,0,,,,
ang20170821t183707_9,aviris_ng,AVIRIS family,unlabeled,background,Clean background (pretrain),Clean background (pretrain),425,81,81,0,,,,
ang20170821t183707_90,aviris_ng,AVIRIS family,unlabeled,background,Clean background (pretrain),Clean background (pretrain),425,81,81,0,,,,
ang20170821t195229_1,aviris_ng,AVIRIS family,unlabeled,background,Clean background (pretrain),Clean background (pretrain),425,81,81,0,,,,
ang20170821t195229_10,aviris_ng,AVIRIS family,unlabeled,background,Clean background (pretrain),Clean background (pretrain),425,81,81,0,,,,
ang20170821t195229_11,aviris_ng,AVIRIS family,unlabeled,background,Clean background (pretrain),Clean background (pretrain),425,81,81,0,,,,
ang20170821t195229_12,aviris_ng,AVIRIS family,unlabeled,background,Clean background (pretrain),Clean background (pretrain),425,81,81,0,,,,
ang20170821t195229_13,aviris_ng,AVIRIS family,unlabeled,background,Clean background (pretrain),Clean background (pretrain),425,81,81,0,,,,
ang20170821t195229_14,aviris_ng,AVIRIS family,unlabeled,background,Clean background (pretrain),Clean background (pretrain),425,81,81,0,,,,
ang20170821t195229_15,aviris_ng,AVIRIS family,unlabeled,background,Clean background (pretrain),Clean background (pretrain),425,81,81,0,,,,
ang20170821t195229_16,aviris_ng,AVIRIS family,unlabeled,background,Clean background (pretrain),Clean background (pretrain),425,81,81,0,,,,
ang20170821t195229_17,aviris_ng,AVIRIS family,unlabeled,background,Clean background (pretrain),Clean background (pretrain),425,81,81,0,,,,
ang20170821t195229_18,aviris_ng,AVIRIS family,unlabeled,background,Clean background (pretrain),Clean background (pretrain),425,81,81,0,,,,
ang20170821t195229_19,aviris_ng,AVIRIS family,unlabeled,background,Clean background (pretrain),Clean background (pretrain),425,81,81,0,,,,
ang20170821t195229_2,aviris_ng,AVIRIS family,unlabeled,background,Clean background (pretrain),Clean background (pretrain),425,81,81,0,,,,
ang20170821t195229_20,aviris_ng,AVIRIS family,unlabeled,background,Clean background (pretrain),Clean background (pretrain),425,81,81,0,,,,
ang20170821t195229_3,aviris_ng,AVIRIS family,unlabeled,background,Clean background (pretrain),Clean background (pretrain),425,81,81,0,,,,
ang20170821t195229_4,aviris_ng,AVIRIS family,unlabeled,background,Clean background (pretrain),Clean background (pretrain),425,81,81,0,,,,
ang20170821t195229_5,aviris_ng,AVIRIS family,unlabeled,background,Clean background (pretrain),Clean background (pretrain),425,81,81,0,,,,
ang20170821t195229_6,aviris_ng,AVIRIS family,unlabeled,background,Clean background (pretrain),Clean background (pretrain),425,81,81,0,,,,
ang20170821t195229_7,aviris_ng,AVIRIS family,unlabeled,background,Clean background (pretrain),Clean background (pretrain),425,81,81,0,,,,
ang20170821t195229_8,aviris_ng,AVIRIS family,unlabeled,background,Clean background (pretrain),Clean background (pretrain),425,81,81,0,,,,
ang20170821t195229_9,aviris_ng,AVIRIS family,unlabeled,background,Clean background (pretrain),Clean background (pretrain),425,81,81,0,,,,
ang20170825t173426_1,aviris_ng,AVIRIS family,unlabeled,background,Clean background (pretrain),Clean background (pretrain),425,81,81,0,,,,
ang20170825t173426_10,aviris_ng,AVIRIS family,unlabeled,background,Clean background (pretrain),Clean background (pretrain),425,81,81,0,,,,
ang20170825t173426_11,aviris_ng,AVIRIS family,unlabeled,background,Clean background (pretrain),Clean background (pretrain),425,81,81,0,,,,
ang20170825t173426_12,aviris_ng,AVIRIS family,unlabeled,background,Clean background (pretrain),Clean background (pretrain),425,81,81,0,,,,
ang20170825t173426_13,aviris_ng,AVIRIS family,unlabeled,background,Clean background (pretrain),Clean background (pretrain),425,81,81,0,,,,
ang20170825t173426_2,aviris_ng,AVIRIS family,unlabeled,background,Clean background (pretrain),Clean background (pretrain),425,81,81,0,,,,
ang20170825t173426_3,aviris_ng,AVIRIS family,unlabeled,background,Clean background (pretrain),Clean background (pretrain),425,81,81,0,,,,
ang20170825t173426_4,aviris_ng,AVIRIS family,unlabeled,background,Clean background (pretrain),Clean background (pretrain),425,81,81,0,,,,
ang20170825t173426_5,aviris_ng,AVIRIS family,unlabeled,background,Clean background (pretrain),Clean background (pretrain),425,81,81,0,,,,
ang20170825t173426_6,aviris_ng,AVIRIS family,unlabeled,background,Clean background (pretrain),Clean background (pretrain),425,81,81,0,,,,
ang20170825t173426_7,aviris_ng,AVIRIS family,unlabeled,background,Clean background (pretrain),Clean background (pretrain),425,81,81,0,,,,
ang20170825t173426_8,aviris_ng,AVIRIS family,unlabeled,background,Clean background (pretrain),Clean background (pretrain),425,81,81,0,,,,
ang20170825t173426_9,aviris_ng,AVIRIS family,unlabeled,background,Clean background (pretrain),Clean background (pretrain),425,81,81,0,,,,
ang20170908t225309_1,aviris_ng,AVIRIS family,unlabeled,background,Clean background (pretrain),Clean background (pretrain),425,81,81,0,,,,
ang20170908t225309_10,aviris_ng,AVIRIS family,unlabeled,background,Clean background (pretrain),Clean background (pretrain),425,81,81,0,,,,
ang20170908t225309_11,aviris_ng,AVIRIS family,unlabeled,background,Clean background (pretrain),Clean background (pretrain),425,81,81,0,,,,
ang20170908t225309_12,aviris_ng,AVIRIS family,unlabeled,background,Clean background (pretrain),Clean background (pretrain),425,81,81,0,,,,
ang20170908t225309_13,aviris_ng,AVIRIS family,unlabeled,background,Clean background (pretrain),Clean background (pretrain),425,81,81,0,,,,
ang20170908t225309_14,aviris_ng,AVIRIS family,unlabeled,background,Clean background (pretrain),Clean background (pretrain),425,81,81,0,,,,
ang20170908t225309_15,aviris_ng,AVIRIS family,unlabeled,background,Clean background (pretrain),Clean background (pretrain),425,81,81,0,,,,
ang20170908t225309_16,aviris_ng,AVIRIS family,unlabeled,background,Clean background (pretrain),Clean background (pretrain),425,81,81,0,,,,
ang20170908t225309_17,aviris_ng,AVIRIS family,unlabeled,background,Clean background (pretrain),Clean background (pretrain),425,81,81,0,,,,
ang20170908t225309_18,aviris_ng,AVIRIS family,unlabeled,background,Clean background (pretrain),Clean background (pretrain),425,81,81,0,,,,
ang20170908t225309_19,aviris_ng,AVIRIS family,unlabeled,background,Clean background (pretrain),Clean background (pretrain),425,81,81,0,,,,
ang20170908t225309_2,aviris_ng,AVIRIS family,unlabeled,background,Clean background (pretrain),Clean background (pretrain),425,81,81,0,,,,
ang20170908t225309_20,aviris_ng,AVIRIS family,unlabeled,background,Clean background (pretrain),Clean background (pretrain),425,81,81,0,,,,
ang20170908t225309_21,aviris_ng,AVIRIS family,unlabeled,background,Clean background (pretrain),Clean background (pretrain),425,81,81,0,,,,
ang20170908t225309_22,aviris_ng,AVIRIS family,unlabeled,background,Clean background (pretrain),Clean background (pretrain),425,81,81,0,,,,
ang20170908t225309_23,aviris_ng,AVIRIS family,unlabeled,background,Clean background (pretrain),Clean background (pretrain),425,81,81,0,,,,
ang20170908t225309_24,aviris_ng,AVIRIS family,unlabeled,background,Clean background (pretrain),Clean background (pretrain),425,81,81,0,,,,
ang20170908t225309_25,aviris_ng,AVIRIS family,unlabeled,background,Clean background (pretrain),Clean background (pretrain),425,81,81,0,,,,
ang20170908t225309_26,aviris_ng,AVIRIS family,unlabeled,background,Clean background (pretrain),Clean background (pretrain),425,81,81,0,,,,
ang20170908t225309_27,aviris_ng,AVIRIS family,unlabeled,background,Clean background (pretrain),Clean background (pretrain),425,81,81,0,,,,
ang20170908t225309_28,aviris_ng,AVIRIS family,unlabeled,background,Clean background (pretrain),Clean background (pretrain),425,81,81,0,,,,
ang20170908t225309_29,aviris_ng,AVIRIS family,unlabeled,background,Clean background (pretrain),Clean background (pretrain),425,81,81,0,,,,
ang20170908t225309_3,aviris_ng,AVIRIS family,unlabeled,background,Clean background (pretrain),Clean background (pretrain),425,81,81,0,,,,
ang20170908t225309_30,aviris_ng,AVIRIS family,unlabeled,background,Clean background (pretrain),Clean background (pretrain),425,81,81,0,,,,
ang20170908t225309_4,aviris_ng,AVIRIS family,unlabeled,background,Clean background (pretrain),Clean background (pretrain),425,81,81,0,,,,
ang20170908t225309_5,aviris_ng,AVIRIS family,unlabeled,background,Clean background (pretrain),Clean background (pretrain),425,81,81,0,,,,
ang20170908t225309_6,aviris_ng,AVIRIS family,unlabeled,background,Clean background (pretrain),Clean background (pretrain),425,81,81,0,,,,
ang20170908t225309_7,aviris_ng,AVIRIS family,unlabeled,background,Clean background (pretrain),Clean background (pretrain),425,81,81,0,,,,
ang20170908t225309_8,aviris_ng,AVIRIS family,unlabeled,background,Clean background (pretrain),Clean background (pretrain),425,81,81,0,,,,
ang20170908t225309_9,aviris_ng,AVIRIS family,unlabeled,background,Clean background (pretrain),Clean background (pretrain),425,81,81,0,,,,
ang20171012t194435_1,aviris_ng,AVIRIS family,unlabeled,background,Clean background (pretrain),Clean background (pretrain),425,81,81,0,,,,
ang20171012t194435_10,aviris_ng,AVIRIS family,unlabeled,background,Clean background (pretrain),Clean background (pretrain),425,81,81,0,,,,
ang20171012t194435_11,aviris_ng,AVIRIS family,unlabeled,background,Clean background (pretrain),Clean background (pretrain),425,81,81,0,,,,
ang20171012t194435_12,aviris_ng,AVIRIS family,unlabeled,background,Clean background (pretrain),Clean background (pretrain),425,81,81,0,,,,
ang20171012t194435_13,aviris_ng,AVIRIS family,unlabeled,background,Clean background (pretrain),Clean background (pretrain),425,81,81,0,,,,
ang20171012t194435_14,aviris_ng,AVIRIS family,unlabeled,background,Clean background (pretrain),Clean background (pretrain),425,81,81,0,,,,
ang20171012t194435_15,aviris_ng,AVIRIS family,unlabeled,background,Clean background (pretrain),Clean background (pretrain),425,81,81,0,,,,
ang20171012t194435_16,aviris_ng,AVIRIS family,unlabeled,background,Clean background (pretrain),Clean background (pretrain),425,81,81,0,,,,
ang20171012t194435_17,aviris_ng,AVIRIS family,unlabeled,background,Clean background (pretrain),Clean background (pretrain),425,81,81,0,,,,
ang20171012t194435_18,aviris_ng,AVIRIS family,unlabeled,background,Clean background (pretrain),Clean background (pretrain),425,81,81,0,,,,
ang20171012t194435_19,aviris_ng,AVIRIS family,unlabeled,background,Clean background (pretrain),Clean background (pretrain),425,81,81,0,,,,
ang20171012t194435_2,aviris_ng,AVIRIS family,unlabeled,background,Clean background (pretrain),Clean background (pretrain),425,81,81,0,,,,
ang20171012t194435_20,aviris_ng,AVIRIS family,unlabeled,background,Clean background (pretrain),Clean background (pretrain),425,81,81,0,,,,
ang20171012t194435_21,aviris_ng,AVIRIS family,unlabeled,background,Clean background (pretrain),Clean background (pretrain),425,81,81,0,,,,
ang20171012t194435_22,aviris_ng,AVIRIS family,unlabeled,background,Clean background (pretrain),Clean background (pretrain),425,81,81,0,,,,
ang20171012t194435_3,aviris_ng,AVIRIS family,unlabeled,background,Clean background (pretrain),Clean background (pretrain),425,81,81,0,,,,
ang20171012t194435_4,aviris_ng,AVIRIS family,unlabeled,background,Clean background (pretrain),Clean background (pretrain),425,81,81,0,,,,
ang20171012t194435_5,aviris_ng,AVIRIS family,unlabeled,background,Clean background (pretrain),Clean background (pretrain),425,81,81,0,,,,
ang20171012t194435_6,aviris_ng,AVIRIS family,unlabeled,background,Clean background (pretrain),Clean background (pretrain),425,81,81,0,,,,
ang20171012t194435_7,aviris_ng,AVIRIS family,unlabeled,background,Clean background (pretrain),Clean background (pretrain),425,81,81,0,,,,
ang20171012t194435_8,aviris_ng,AVIRIS family,unlabeled,background,Clean background (pretrain),Clean background (pretrain),425,81,81,0,,,,
ang20171012t194435_9,aviris_ng,AVIRIS family,unlabeled,background,Clean background (pretrain),Clean background (pretrain),425,81,81,0,,,,
ang20180227t082814_1,aviris_ng,AVIRIS family,unlabeled,background,Clean background (pretrain),Clean background (pretrain),425,81,81,0,,,,
ang20180227t082814_10,aviris_ng,AVIRIS family,unlabeled,background,Clean background (pretrain),Clean background (pretrain),425,81,81,0,,,,
ang20180227t082814_11,aviris_ng,AVIRIS family,unlabeled,background,Clean background (pretrain),Clean background (pretrain),425,81,81,0,,,,
ang20180227t082814_12,aviris_ng,AVIRIS family,unlabeled,background,Clean background (pretrain),Clean background (pretrain),425,81,81,0,,,,
ang20180227t082814_13,aviris_ng,AVIRIS family,unlabeled,background,Clean background (pretrain),Clean background (pretrain),425,81,81,0,,,,
ang20180227t082814_14,aviris_ng,AVIRIS family,unlabeled,background,Clean background (pretrain),Clean background (pretrain),425,81,81,0,,,,
ang20180227t082814_2,aviris_ng,AVIRIS family,unlabeled,background,Clean background (pretrain),Clean background (pretrain),425,81,81,0,,,,
ang20180227t082814_3,aviris_ng,AVIRIS family,unlabeled,background,Clean background (pretrain),Clean background (pretrain),425,81,81,0,,,,
ang20180227t082814_4,aviris_ng,AVIRIS family,unlabeled,background,Clean background (pretrain),Clean background (pretrain),425,81,81,0,,,,
ang20180227t082814_5,aviris_ng,AVIRIS family,unlabeled,background,Clean background (pretrain),Clean background (pretrain),425,81,81,0,,,,
ang20180227t082814_6,aviris_ng,AVIRIS family,unlabeled,background,Clean background (pretrain),Clean background (pretrain),425,81,81,0,,,,
ang20180227t082814_7,aviris_ng,AVIRIS family,unlabeled,background,Clean background (pretrain),Clean background (pretrain),425,81,81,0,,,,
ang20180227t082814_8,aviris_ng,AVIRIS family,unlabeled,background,Clean background (pretrain),Clean background (pretrain),425,81,81,0,,,,
ang20180227t082814_9,aviris_ng,AVIRIS family,unlabeled,background,Clean background (pretrain),Clean background (pretrain),425,81,81,0,,,,
ang20191004t185054_1,aviris_ng,AVIRIS family,unlabeled,background,Clean background (pretrain),Clean background (pretrain),425,81,81,0,,,,
ang20191004t185054_10,aviris_ng,AVIRIS family,unlabeled,background,Clean background (pretrain),Clean background (pretrain),425,81,81,0,,,,
ang20191004t185054_11,aviris_ng,AVIRIS family,unlabeled,background,Clean background (pretrain),Clean background (pretrain),425,81,81,0,,,,
ang20191004t185054_12,aviris_ng,AVIRIS family,unlabeled,background,Clean background (pretrain),Clean background (pretrain),425,81,81,0,,,,
ang20191004t185054_13,aviris_ng,AVIRIS family,unlabeled,background,Clean background (pretrain),Clean background (pretrain),425,81,81,0,,,,
ang20191004t185054_14,aviris_ng,AVIRIS family,unlabeled,background,Clean background (pretrain),Clean background (pretrain),425,81,81,0,,,,
ang20191004t185054_15,aviris_ng,AVIRIS family,unlabeled,background,Clean background (pretrain),Clean background (pretrain),425,81,81,0,,,,
ang20191004t185054_16,aviris_ng,AVIRIS family,unlabeled,background,Clean background (pretrain),Clean background (pretrain),425,81,81,0,,,,
ang20191004t185054_17,aviris_ng,AVIRIS family,unlabeled,background,Clean background (pretrain),Clean background (pretrain),425,81,81,0,,,,
ang20191004t185054_18,aviris_ng,AVIRIS family,unlabeled,background,Clean background (pretrain),Clean background (pretrain),425,81,81,0,,,,
ang20191004t185054_19,aviris_ng,AVIRIS family,unlabeled,background,Clean background (pretrain),Clean background (pretrain),425,81,81,0,,,,
ang20191004t185054_2,aviris_ng,AVIRIS family,unlabeled,background,Clean background (pretrain),Clean background (pretrain),425,81,81,0,,,,
ang20191004t185054_20,aviris_ng,AVIRIS family,unlabeled,background,Clean background (pretrain),Clean background (pretrain),425,81,81,0,,,,
ang20191004t185054_21,aviris_ng,AVIRIS family,unlabeled,background,Clean background (pretrain),Clean background (pretrain),425,81,81,0,,,,
ang20191004t185054_3,aviris_ng,AVIRIS family,unlabeled,background,Clean background (pretrain),Clean background (pretrain),425,81,81,0,,,,
ang20191004t185054_4,aviris_ng,AVIRIS family,unlabeled,background,Clean background (pretrain),Clean background (pretrain),425,81,81,0,,,,
ang20191004t185054_5,aviris_ng,AVIRIS family,unlabeled,background,Clean background (pretrain),Clean background (pretrain),425,81,81,0,,,,
ang20191004t185054_6,aviris_ng,AVIRIS family,unlabeled,background,Clean background (pretrain),Clean background (pretrain),425,81,81,0,,,,
ang20191004t185054_7,aviris_ng,AVIRIS family,unlabeled,background,Clean background (pretrain),Clean background (pretrain),425,81,81,0,,,,
ang20191004t185054_8,aviris_ng,AVIRIS family,unlabeled,background,Clean background (pretrain),Clean background (pretrain),425,81,81,0,,,,
ang20191004t185054_9,aviris_ng,AVIRIS family,unlabeled,background,Clean background (pretrain),Clean background (pretrain),425,81,81,0,,,,
ang20191004t215336_1,aviris_ng,AVIRIS family,unlabeled,background,Clean background (pretrain),Clean background (pretrain),425,81,81,0,,,,
ang20191004t215336_10,aviris_ng,AVIRIS family,unlabeled,background,Clean background (pretrain),Clean background (pretrain),425,81,81,0,,,,
ang20191004t215336_2,aviris_ng,AVIRIS family,unlabeled,background,Clean background (pretrain),Clean background (pretrain),425,81,81,0,,,,
ang20191004t215336_3,aviris_ng,AVIRIS family,unlabeled,background,Clean background (pretrain),Clean background (pretrain),425,81,81,0,,,,
ang20191004t215336_4,aviris_ng,AVIRIS family,unlabeled,background,Clean background (pretrain),Clean background (pretrain),425,81,81,0,,,,
ang20191004t215336_5,aviris_ng,AVIRIS family,unlabeled,background,Clean background (pretrain),Clean background (pretrain),425,81,81,0,,,,
ang20191004t215336_6,aviris_ng,AVIRIS family,unlabeled,background,Clean background (pretrain),Clean background (pretrain),425,81,81,0,,,,
ang20191004t215336_7,aviris_ng,AVIRIS family,unlabeled,background,Clean background (pretrain),Clean background (pretrain),425,81,81,0,,,,
ang20191004t215336_8,aviris_ng,AVIRIS family,unlabeled,background,Clean background (pretrain),Clean background (pretrain),425,81,81,0,,,,
ang20191004t215336_9,aviris_ng,AVIRIS family,unlabeled,background,Clean background (pretrain),Clean background (pretrain),425,81,81,0,,,,
ang20191027t204454_1,aviris_ng,AVIRIS family,unlabeled,background,Clean background (pretrain),Clean background (pretrain),425,81,81,0,,,,
ang20191027t204454_2,aviris_ng,AVIRIS family,unlabeled,background,Clean background (pretrain),Clean background (pretrain),425,81,81,0,,,,
ang20191027t204454_3,aviris_ng,AVIRIS family,unlabeled,background,Clean background (pretrain),Clean background (pretrain),425,81,81,0,,,,
ang20191027t204454_4,aviris_ng,AVIRIS family,unlabeled,background,Clean background (pretrain),Clean background (pretrain),425,81,81,0,,,,
ang20191027t204454_5,aviris_ng,AVIRIS family,unlabeled,background,Clean background (pretrain),Clean background (pretrain),425,81,81,0,,,,
ang20191027t204454_6,aviris_ng,AVIRIS family,unlabeled,background,Clean background (pretrain),Clean background (pretrain),425,81,81,0,,,,
ang20191027t204454_7,aviris_ng,AVIRIS family,unlabeled,background,Clean background (pretrain),Clean background (pretrain),425,81,81,0,,,,
ang20191027t204454_8,aviris_ng,AVIRIS family,unlabeled,background,Clean background (pretrain),Clean background (pretrain),425,81,81,0,,,,
ang20191027t204454_9,aviris_ng,AVIRIS family,unlabeled,background,Clean background (pretrain),Clean background (pretrain),425,81,81,0,,,,
ang20210614t141018_1,aviris_ng,AVIRIS family,unlabeled,background,Clean background (pretrain),Clean background (pretrain),425,81,81,0,,,,
ang20210614t141018_10,aviris_ng,AVIRIS family,unlabeled,background,Clean background (pretrain),Clean background (pretrain),425,81,81,0,,,,
ang20210614t141018_11,aviris_ng,AVIRIS family,unlabeled,background,Clean background (pretrain),Clean background (pretrain),425,81,81,0,,,,
ang20210614t141018_12,aviris_ng,AVIRIS family,unlabeled,background,Clean background (pretrain),Clean background (pretrain),425,81,81,0,,,,
ang20210614t141018_13,aviris_ng,AVIRIS family,unlabeled,background,Clean background (pretrain),Clean background (pretrain),425,81,81,0,,,,
ang20210614t141018_14,aviris_ng,AVIRIS family,unlabeled,background,Clean background (pretrain),Clean background (pretrain),425,81,81,0,,,,
ang20210614t141018_15,aviris_ng,AVIRIS family,unlabeled,background,Clean background (pretrain),Clean background (pretrain),425,81,81,0,,,,
ang20210614t141018_16,aviris_ng,AVIRIS family,unlabeled,background,Clean background (pretrain),Clean background (pretrain),425,81,81,0,,,,
ang20210614t141018_17,aviris_ng,AVIRIS family,unlabeled,background,Clean background (pretrain),Clean background (pretrain),425,81,81,0,,,,
ang20210614t141018_18,aviris_ng,AVIRIS family,unlabeled,background,Clean background (pretrain),Clean background (pretrain),425,81,81,0,,,,
ang20210614t141018_19,aviris_ng,AVIRIS family,unlabeled,background,Clean background (pretrain),Clean background (pretrain),425,81,81,0,,,,
ang20210614t141018_2,aviris_ng,AVIRIS family,unlabeled,background,Clean background (pretrain),Clean background (pretrain),425,81,81,0,,,,
ang20210614t141018_20,aviris_ng,AVIRIS family,unlabeled,background,Clean background (pretrain),Clean background (pretrain),425,81,81,0,,,,
ang20210614t141018_21,aviris_ng,AVIRIS family,unlabeled,background,Clean background (pretrain),Clean background (pretrain),425,81,81,0,,,,
ang20210614t141018_22,aviris_ng,AVIRIS family,unlabeled,background,Clean background (pretrain),Clean background (pretrain),425,81,81,0,,,,
ang20210614t141018_23,aviris_ng,AVIRIS family,unlabeled,background,Clean background (pretrain),Clean background (pretrain),425,81,81,0,,,,
ang20210614t141018_24,aviris_ng,AVIRIS family,unlabeled,background,Clean background (pretrain),Clean background (pretrain),425,81,81,0,,,,
ang20210614t141018_25,aviris_ng,AVIRIS family,unlabeled,background,Clean background (pretrain),Clean background (pretrain),425,81,81,0,,,,
ang20210614t141018_26,aviris_ng,AVIRIS family,unlabeled,background,Clean background (pretrain),Clean background (pretrain),425,81,81,0,,,,
ang20210614t141018_27,aviris_ng,AVIRIS family,unlabeled,background,Clean background (pretrain),Clean background (pretrain),425,81,81,0,,,,
ang20210614t141018_28,aviris_ng,AVIRIS family,unlabeled,background,Clean background (pretrain),Clean background (pretrain),425,81,81,0,,,,
ang20210614t141018_29,aviris_ng,AVIRIS family,unlabeled,background,Clean background (pretrain),Clean background (pretrain),425,81,81,0,,,,
ang20210614t141018_3,aviris_ng,AVIRIS family,unlabeled,background,Clean background (pretrain),Clean background (pretrain),425,81,81,0,,,,
ang20210614t141018_30,aviris_ng,AVIRIS family,unlabeled,background,Clean background (pretrain),Clean background (pretrain),425,81,81,0,,,,
ang20210614t141018_31,aviris_ng,AVIRIS family,unlabeled,background,Clean background (pretrain),Clean background (pretrain),425,81,81,0,,,,
ang20210614t141018_4,aviris_ng,AVIRIS family,unlabeled,background,Clean background (pretrain),Clean background (pretrain),425,81,81,0,,,,
ang20210614t141018_5,aviris_ng,AVIRIS family,unlabeled,background,Clean background (pretrain),Clean background (pretrain),425,81,81,0,,,,
ang20210614t141018_6,aviris_ng,AVIRIS family,unlabeled,background,Clean background (pretrain),Clean background (pretrain),425,81,81,0,,,,
ang20210614t141018_7,aviris_ng,AVIRIS family,unlabeled,background,Clean background (pretrain),Clean background (pretrain),425,81,81,0,,,,
ang20210614t141018_8,aviris_ng,AVIRIS family,unlabeled,background,Clean background (pretrain),Clean background (pretrain),425,81,81,0,,,,
ang20210614t141018_9,aviris_ng,AVIRIS family,unlabeled,background,Clean background (pretrain),Clean background (pretrain),425,81,81,0,,,,
f080709t01p00r15_1,aviris,AVIRIS family,unlabeled,background,Clean background (pretrain),Clean background (pretrain),224,81,81,0,,,,
f080709t01p00r15_2,aviris,AVIRIS family,unlabeled,background,Clean background (pretrain),Clean background (pretrain),224,71,71,0,,,,
f080709t01p00r15_3,aviris,AVIRIS family,unlabeled,background,Clean background (pretrain),Clean background (pretrain),224,81,81,0,,,,
f080723t01p00r06_1,aviris,AVIRIS family,unlabeled,background,Clean background (pretrain),Clean background (pretrain),224,81,81,0,,,,
f080723t01p00r07_1,aviris,AVIRIS family,unlabeled,background,Clean background (pretrain),Clean background (pretrain),224,81,81,0,,,,
f080723t01p00r07_2,aviris,AVIRIS family,unlabeled,background,Clean background (pretrain),Clean background (pretrain),224,81,81,0,,,,
f090706t01p00r06_1,aviris,AVIRIS family,unlabeled,background,Clean background (pretrain),Clean background (pretrain),224,81,81,0,,,,
f090706t01p00r06_10,aviris,AVIRIS family,unlabeled,background,Clean background (pretrain),Clean background (pretrain),224,81,81,0,,,,
f090706t01p00r06_11,aviris,AVIRIS family,unlabeled,background,Clean background (pretrain),Clean background (pretrain),224,81,81,0,,,,
f090706t01p00r06_12,aviris,AVIRIS family,unlabeled,background,Clean background (pretrain),Clean background (pretrain),224,81,81,0,,,,
f090706t01p00r06_2,aviris,AVIRIS family,unlabeled,background,Clean background (pretrain),Clean background (pretrain),224,81,81,0,,,,
f090706t01p00r06_3,aviris,AVIRIS family,unlabeled,background,Clean background (pretrain),Clean background (pretrain),224,81,81,0,,,,
f090706t01p00r06_4,aviris,AVIRIS family,unlabeled,background,Clean background (pretrain),Clean background (pretrain),224,81,81,0,,,,
f090706t01p00r06_5,aviris,AVIRIS family,unlabeled,background,Clean background (pretrain),Clean background (pretrain),224,81,81,0,,,,
f090706t01p00r06_6,aviris,AVIRIS family,unlabeled,background,Clean background (pretrain),Clean background (pretrain),224,81,81,0,,,,
f090706t01p00r06_7,aviris,AVIRIS family,unlabeled,background,Clean background (pretrain),Clean background (pretrain),224,81,81,0,,,,
f090706t01p00r06_8,aviris,AVIRIS family,unlabeled,background,Clean background (pretrain),Clean background (pretrain),224,81,81,0,,,,
f090706t01p00r06_9,aviris,AVIRIS family,unlabeled,background,Clean background (pretrain),Clean background (pretrain),224,81,81,0,,,,
f090710t01p00r10_1,aviris,AVIRIS family,unlabeled,background,Clean background (pretrain),Clean background (pretrain),224,130,130,0,,,,
f090710t01p00r10_10,aviris,AVIRIS family,unlabeled,background,Clean background (pretrain),Clean background (pretrain),224,66,66,0,,,,
f090710t01p00r10_11,aviris,AVIRIS family,unlabeled,background,Clean background (pretrain),Clean background (pretrain),224,66,66,0,,,,
f090710t01p00r10_12,aviris,AVIRIS family,unlabeled,background,Clean background (pretrain),Clean background (pretrain),224,66,66,0,,,,
f090710t01p00r10_13,aviris,AVIRIS family,unlabeled,background,Clean background (pretrain),Clean background (pretrain),224,66,66,0,,,,
f090710t01p00r10_14,aviris,AVIRIS family,unlabeled,background,Clean background (pretrain),Clean background (pretrain),224,66,66,0,,,,
f090710t01p00r10_15,aviris,AVIRIS family,unlabeled,background,Clean background (pretrain),Clean background (pretrain),224,66,66,0,,,,
f090710t01p00r10_16,aviris,AVIRIS family,unlabeled,background,Clean background (pretrain),Clean background (pretrain),224,66,66,0,,,,
f090710t01p00r10_17,aviris,AVIRIS family,unlabeled,background,Clean background (pretrain),Clean background (pretrain),224,66,66,0,,,,
f090710t01p00r10_18,aviris,AVIRIS family,unlabeled,background,Clean background (pretrain),Clean background (pretrain),224,66,66,0,,,,
f090710t01p00r10_19,aviris,AVIRIS family,unlabeled,background,Clean background (pretrain),Clean background (pretrain),224,66,66,0,,,,
f090710t01p00r10_2,aviris,AVIRIS family,unlabeled,background,Clean background (pretrain),Clean background (pretrain),224,66,66,0,,,,
f090710t01p00r10_20,aviris,AVIRIS family,unlabeled,background,Clean background (pretrain),Clean background (pretrain),224,66,66,0,,,,
f090710t01p00r10_21,aviris,AVIRIS family,unlabeled,background,Clean background (pretrain),Clean background (pretrain),224,66,66,0,,,,
f090710t01p00r10_22,aviris,AVIRIS family,unlabeled,background,Clean background (pretrain),Clean background (pretrain),224,66,66,0,,,,
f090710t01p00r10_23,aviris,AVIRIS family,unlabeled,background,Clean background (pretrain),Clean background (pretrain),224,66,66,0,,,,
f090710t01p00r10_24,aviris,AVIRIS family,unlabeled,background,Clean background (pretrain),Clean background (pretrain),224,66,66,0,,,,
f090710t01p00r10_25,aviris,AVIRIS family,unlabeled,background,Clean background (pretrain),Clean background (pretrain),224,66,66,0,,,,
f090710t01p00r10_26,aviris,AVIRIS family,unlabeled,background,Clean background (pretrain),Clean background (pretrain),224,66,66,0,,,,
f090710t01p00r10_27,aviris,AVIRIS family,unlabeled,background,Clean background (pretrain),Clean background (pretrain),224,66,66,0,,,,
f090710t01p00r10_28,aviris,AVIRIS family,unlabeled,background,Clean background (pretrain),Clean background (pretrain),224,66,66,0,,,,
f090710t01p00r10_29,aviris,AVIRIS family,unlabeled,background,Clean background (pretrain),Clean background (pretrain),224,66,66,0,,,,
f090710t01p00r10_3,aviris,AVIRIS family,unlabeled,background,Clean background (pretrain),Clean background (pretrain),224,66,66,0,,,,
f090710t01p00r10_30,aviris,AVIRIS family,unlabeled,background,Clean background (pretrain),Clean background (pretrain),224,66,66,0,,,,
f090710t01p00r10_31,aviris,AVIRIS family,unlabeled,background,Clean background (pretrain),Clean background (pretrain),224,66,66,0,,,,
f090710t01p00r10_32,aviris,AVIRIS family,unlabeled,background,Clean background (pretrain),Clean background (pretrain),224,66,66,0,,,,
f090710t01p00r10_33,aviris,AVIRIS family,unlabeled,background,Clean background (pretrain),Clean background (pretrain),224,66,66,0,,,,
f090710t01p00r10_34,aviris,AVIRIS family,unlabeled,background,Clean background (pretrain),Clean background (pretrain),224,66,66,0,,,,
f090710t01p00r10_35,aviris,AVIRIS family,unlabeled,background,Clean background (pretrain),Clean background (pretrain),224,66,66,0,,,,
f090710t01p00r10_36,aviris,AVIRIS family,unlabeled,background,Clean background (pretrain),Clean background (pretrain),224,66,66,0,,,,
f090710t01p00r10_37,aviris,AVIRIS family,unlabeled,background,Clean background (pretrain),Clean background (pretrain),224,66,66,0,,,,
f090710t01p00r10_38,aviris,AVIRIS family,unlabeled,background,Clean background (pretrain),Clean background (pretrain),224,66,66,0,,,,
f090710t01p00r10_39,aviris,AVIRIS family,unlabeled,background,Clean background (pretrain),Clean background (pretrain),224,66,66,0,,,,
f090710t01p00r10_4,aviris,AVIRIS family,unlabeled,background,Clean background (pretrain),Clean background (pretrain),224,66,66,0,,,,
f090710t01p00r10_40,aviris,AVIRIS family,unlabeled,background,Clean background (pretrain),Clean background (pretrain),224,66,66,0,,,,
f090710t01p00r10_41,aviris,AVIRIS family,unlabeled,background,Clean background (pretrain),Clean background (pretrain),224,66,66,0,,,,
f090710t01p00r10_42,aviris,AVIRIS family,unlabeled,background,Clean background (pretrain),Clean background (pretrain),224,66,66,0,,,,
f090710t01p00r10_5,aviris,AVIRIS family,unlabeled,background,Clean background (pretrain),Clean background (pretrain),224,66,66,0,,,,
f090710t01p00r10_6,aviris,AVIRIS family,unlabeled,background,Clean background (pretrain),Clean background (pretrain),224,66,66,0,,,,
f090710t01p00r10_7,aviris,AVIRIS family,unlabeled,background,Clean background (pretrain),Clean background (pretrain),224,66,66,0,,,,
f090710t01p00r10_8,aviris,AVIRIS family,unlabeled,background,Clean background (pretrain),Clean background (pretrain),224,66,66,0,,,,
f090710t01p00r10_9,aviris,AVIRIS family,unlabeled,background,Clean background (pretrain),Clean background (pretrain),224,66,66,0,,,,
f090715t01p00r11_1,aviris,AVIRIS family,unlabeled,background,Clean background (pretrain),Clean background (pretrain),224,81,81,0,,,,
f090715t01p00r11_10,aviris,AVIRIS family,unlabeled,background,Clean background (pretrain),Clean background (pretrain),224,81,81,0,,,,
f090715t01p00r11_11,aviris,AVIRIS family,unlabeled,background,Clean background (pretrain),Clean background (pretrain),224,81,81,0,,,,
f090715t01p00r11_12,aviris,AVIRIS family,unlabeled,background,Clean background (pretrain),Clean background (pretrain),224,81,81,0,,,,
f090715t01p00r11_13,aviris,AVIRIS family,unlabeled,background,Clean background (pretrain),Clean background (pretrain),224,81,81,0,,,,
f090715t01p00r11_2,aviris,AVIRIS family,unlabeled,background,Clean background (pretrain),Clean background (pretrain),224,81,81,0,,,,
f090715t01p00r11_3,aviris,AVIRIS family,unlabeled,background,Clean background (pretrain),Clean background (pretrain),224,81,81,0,,,,
f090715t01p00r11_4,aviris,AVIRIS family,unlabeled,background,Clean background (pretrain),Clean background (pretrain),224,81,81,0,,,,
f090715t01p00r11_5,aviris,AVIRIS family,unlabeled,background,Clean background (pretrain),Clean background (pretrain),224,81,81,0,,,,
f090715t01p00r11_6,aviris,AVIRIS family,unlabeled,background,Clean background (pretrain),Clean background (pretrain),224,81,81,0,,,,
f090715t01p00r11_7,aviris,AVIRIS family,unlabeled,background,Clean background (pretrain),Clean background (pretrain),224,81,81,0,,,,
f090715t01p00r11_8,aviris,AVIRIS family,unlabeled,background,Clean background (pretrain),Clean background (pretrain),224,81,81,0,,,,
f090715t01p00r11_9,aviris,AVIRIS family,unlabeled,background,Clean background (pretrain),Clean background (pretrain),224,81,81,0,,,,
f100825t01p00r05_1,aviris,AVIRIS family,unlabeled,background,Clean background (pretrain),Clean background (pretrain),224,81,81,0,,,,
f100825t01p00r05_2,aviris,AVIRIS family,unlabeled,background,Clean background (pretrain),Clean background (pretrain),224,81,81,0,,,,
f100825t01p00r05_3,aviris,AVIRIS family,unlabeled,background,Clean background (pretrain),Clean background (pretrain),224,81,81,0,,,,
f100825t01p00r05_4,aviris,AVIRIS family,unlabeled,background,Clean background (pretrain),Clean background (pretrain),224,81,81,0,,,,
f100825t01p00r05_5,aviris,AVIRIS family,unlabeled,background,Clean background (pretrain),Clean background (pretrain),224,81,81,0,,,,
f100825t01p00r05_6,aviris,AVIRIS family,unlabeled,background,Clean background (pretrain),Clean background (pretrain),224,81,81,0,,,,
f131030t01p00r14_1,aviris,AVIRIS family,unlabeled,background,Clean background (pretrain),Clean background (pretrain),224,81,81,0,,,,
f131030t01p00r14_10,aviris,AVIRIS family,unlabeled,background,Clean background (pretrain),Clean background (pretrain),224,81,81,0,,,,
f131030t01p00r14_11,aviris,AVIRIS family,unlabeled,background,Clean background (pretrain),Clean background (pretrain),224,81,81,0,,,,
f131030t01p00r14_12,aviris,AVIRIS family,unlabeled,background,Clean background (pretrain),Clean background (pretrain),224,81,81,0,,,,
f131030t01p00r14_13,aviris,AVIRIS family,unlabeled,background,Clean background (pretrain),Clean background (pretrain),224,81,81,0,,,,
f131030t01p00r14_14,aviris,AVIRIS family,unlabeled,background,Clean background (pretrain),Clean background (pretrain),224,81,81,0,,,,
f131030t01p00r14_15,aviris,AVIRIS family,unlabeled,background,Clean background (pretrain),Clean background (pretrain),224,81,81,0,,,,
f131030t01p00r14_16,aviris,AVIRIS family,unlabeled,background,Clean background (pretrain),Clean background (pretrain),224,81,81,0,,,,
f131030t01p00r14_17,aviris,AVIRIS family,unlabeled,background,Clean background (pretrain),Clean background (pretrain),224,81,81,0,,,,
f131030t01p00r14_18,aviris,AVIRIS family,unlabeled,background,Clean background (pretrain),Clean background (pretrain),224,81,81,0,,,,
f131030t01p00r14_2,aviris,AVIRIS family,unlabeled,background,Clean background (pretrain),Clean background (pretrain),224,81,81,0,,,,
f131030t01p00r14_3,aviris,AVIRIS family,unlabeled,background,Clean background (pretrain),Clean background (pretrain),224,81,81,0,,,,
f131030t01p00r14_4,aviris,AVIRIS family,unlabeled,background,Clean background (pretrain),Clean background (pretrain),224,81,81,0,,,,
f131030t01p00r14_5,aviris,AVIRIS family,unlabeled,background,Clean background (pretrain),Clean background (pretrain),224,81,81,0,,,,
f131030t01p00r14_6,aviris,AVIRIS family,unlabeled,background,Clean background (pretrain),Clean background (pretrain),224,81,81,0,,,,
f131030t01p00r14_7,aviris,AVIRIS family,unlabeled,background,Clean background (pretrain),Clean background (pretrain),224,81,81,0,,,,
f131030t01p00r14_8,aviris,AVIRIS family,unlabeled,background,Clean background (pretrain),Clean background (pretrain),224,81,81,0,,,,
f131030t01p00r14_9,aviris,AVIRIS family,unlabeled,background,Clean background (pretrain),Clean background (pretrain),224,81,81,0,,,,
f170119t01p00r09_1,aviris,AVIRIS family,unlabeled,background,Clean background (pretrain),Clean background (pretrain),224,81,81,0,,,,
f170119t01p00r09_10,aviris,AVIRIS family,unlabeled,background,Clean background (pretrain),Clean background (pretrain),224,81,81,0,,,,
f170119t01p00r09_11,aviris,AVIRIS family,unlabeled,background,Clean background (pretrain),Clean background (pretrain),224,81,81,0,,,,
f170119t01p00r09_12,aviris,AVIRIS family,unlabeled,background,Clean background (pretrain),Clean background (pretrain),224,81,81,0,,,,
f170119t01p00r09_13,aviris,AVIRIS family,unlabeled,background,Clean background (pretrain),Clean background (pretrain),224,81,81,0,,,,
f170119t01p00r09_14,aviris,AVIRIS family,unlabeled,background,Clean background (pretrain),Clean background (pretrain),224,81,81,0,,,,
f170119t01p00r09_15,aviris,AVIRIS family,unlabeled,background,Clean background (pretrain),Clean background (pretrain),224,81,81,0,,,,
f170119t01p00r09_16,aviris,AVIRIS family,unlabeled,background,Clean background (pretrain),Clean background (pretrain),224,81,81,0,,,,
f170119t01p00r09_17,aviris,AVIRIS family,unlabeled,background,Clean background (pretrain),Clean background (pretrain),224,81,81,0,,,,
f170119t01p00r09_18,aviris,AVIRIS family,unlabeled,background,Clean background (pretrain),Clean background (pretrain),224,81,81,0,,,,
f170119t01p00r09_19,aviris,AVIRIS family,unlabeled,background,Clean background (pretrain),Clean background (pretrain),224,81,81,0,,,,
f170119t01p00r09_2,aviris,AVIRIS family,unlabeled,background,Clean background (pretrain),Clean background (pretrain),224,81,81,0,,,,
f170119t01p00r09_20,aviris,AVIRIS family,unlabeled,background,Clean background (pretrain),Clean background (pretrain),224,81,81,0,,,,
f170119t01p00r09_3,aviris,AVIRIS family,unlabeled,background,Clean background (pretrain),Clean background (pretrain),224,81,81,0,,,,
f170119t01p00r09_4,aviris,AVIRIS family,unlabeled,background,Clean background (pretrain),Clean background (pretrain),224,81,81,0,,,,
f170119t01p00r09_5,aviris,AVIRIS family,unlabeled,background,Clean background (pretrain),Clean background (pretrain),224,81,81,0,,,,
f170119t01p00r09_6,aviris,AVIRIS family,unlabeled,background,Clean background (pretrain),Clean background (pretrain),224,81,81,0,,,,
f170119t01p00r09_7,aviris,AVIRIS family,unlabeled,background,Clean background (pretrain),Clean background (pretrain),224,81,81,0,,,,
f170119t01p00r09_8,aviris,AVIRIS family,unlabeled,background,Clean background (pretrain),Clean background (pretrain),224,81,81,0,,,,
f170119t01p00r09_9,aviris,AVIRIS family,unlabeled,background,Clean background (pretrain),Clean background (pretrain),224,81,81,0,,,,
f170507t01p00r09_1,aviris,AVIRIS family,unlabeled,background,Clean background (pretrain),Clean background (pretrain),224,71,71,0,,,,
f170507t01p00r09_10,aviris,AVIRIS family,unlabeled,background,Clean background (pretrain),Clean background (pretrain),224,71,71,0,,,,
f170507t01p00r09_11,aviris,AVIRIS family,unlabeled,background,Clean background (pretrain),Clean background (pretrain),224,81,81,0,,,,
f170507t01p00r09_12,aviris,AVIRIS family,unlabeled,background,Clean background (pretrain),Clean background (pretrain),224,81,81,0,,,,
f170507t01p00r09_13,aviris,AVIRIS family,unlabeled,background,Clean background (pretrain),Clean background (pretrain),224,81,81,0,,,,
f170507t01p00r09_14,aviris,AVIRIS family,unlabeled,background,Clean background (pretrain),Clean background (pretrain),224,81,81,0,,,,
f170507t01p00r09_15,aviris,AVIRIS family,unlabeled,background,Clean background (pretrain),Clean background (pretrain),224,81,81,0,,,,
f170507t01p00r09_16,aviris,AVIRIS family,unlabeled,background,Clean background (pretrain),Clean background (pretrain),224,81,81,0,,,,
f170507t01p00r09_17,aviris,AVIRIS family,unlabeled,background,Clean background (pretrain),Clean background (pretrain),224,81,81,0,,,,
f170507t01p00r09_18,aviris,AVIRIS family,unlabeled,background,Clean background (pretrain),Clean background (pretrain),224,81,81,0,,,,
f170507t01p00r09_19,aviris,AVIRIS family,unlabeled,background,Clean background (pretrain),Clean background (pretrain),224,81,81,0,,,,
f170507t01p00r09_2,aviris,AVIRIS family,unlabeled,background,Clean background (pretrain),Clean background (pretrain),224,71,71,0,,,,
f170507t01p00r09_20,aviris,AVIRIS family,unlabeled,background,Clean background (pretrain),Clean background (pretrain),224,81,81,0,,,,
f170507t01p00r09_21,aviris,AVIRIS family,unlabeled,background,Clean background (pretrain),Clean background (pretrain),224,81,81,0,,,,
f170507t01p00r09_22,aviris,AVIRIS family,unlabeled,background,Clean background (pretrain),Clean background (pretrain),224,81,81,0,,,,
f170507t01p00r09_23,aviris,AVIRIS family,unlabeled,background,Clean background (pretrain),Clean background (pretrain),224,81,81,0,,,,
f170507t01p00r09_24,aviris,AVIRIS family,unlabeled,background,Clean background (pretrain),Clean background (pretrain),224,81,81,0,,,,
f170507t01p00r09_25,aviris,AVIRIS family,unlabeled,background,Clean background (pretrain),Clean background (pretrain),224,81,81,0,,,,
f170507t01p00r09_26,aviris,AVIRIS family,unlabeled,background,Clean background (pretrain),Clean background (pretrain),224,81,81,0,,,,
f170507t01p00r09_3,aviris,AVIRIS family,unlabeled,background,Clean background (pretrain),Clean background (pretrain),224,71,71,0,,,,
f170507t01p00r09_4,aviris,AVIRIS family,unlabeled,background,Clean background (pretrain),Clean background (pretrain),224,71,71,0,,,,
f170507t01p00r09_5,aviris,AVIRIS family,unlabeled,background,Clean background (pretrain),Clean background (pretrain),224,71,71,0,,,,
f170507t01p00r09_6,aviris,AVIRIS family,unlabeled,background,Clean background (pretrain),Clean background (pretrain),224,71,71,0,,,,
f170507t01p00r09_7,aviris,AVIRIS family,unlabeled,background,Clean background (pretrain),Clean background (pretrain),224,71,71,0,,,,
f170507t01p00r09_8,aviris,AVIRIS family,unlabeled,background,Clean background (pretrain),Clean background (pretrain),224,71,71,0,,,,
f170507t01p00r09_9,aviris,AVIRIS family,unlabeled,background,Clean background (pretrain),Clean background (pretrain),224,71,71,0,,,,
f170507t01p00r10_1,aviris,AVIRIS family,unlabeled,background,Clean background (pretrain),Clean background (pretrain),224,81,81,0,,,,
f170507t01p00r10_10,aviris,AVIRIS family,unlabeled,background,Clean background (pretrain),Clean background (pretrain),224,81,81,0,,,,
f170507t01p00r10_11,aviris,AVIRIS family,unlabeled,background,Clean background (pretrain),Clean background (pretrain),224,81,81,0,,,,
f170507t01p00r10_12,aviris,AVIRIS family,unlabeled,background,Clean background (pretrain),Clean background (pretrain),224,81,81,0,,,,
f170507t01p00r10_13,aviris,AVIRIS family,unlabeled,background,Clean background (pretrain),Clean background (pretrain),224,81,81,0,,,,
f170507t01p00r10_14,aviris,AVIRIS family,unlabeled,background,Clean background (pretrain),Clean background (pretrain),224,71,81,0,,,,
f170507t01p00r10_15,aviris,AVIRIS family,unlabeled,background,Clean background (pretrain),Clean background (pretrain),224,81,81,0,,,,
f170507t01p00r10_16,aviris,AVIRIS family,unlabeled,background,Clean background (pretrain),Clean background (pretrain),224,91,91,0,,,,
f170507t01p00r10_2,aviris,AVIRIS family,unlabeled,background,Clean background (pretrain),Clean background (pretrain),224,76,76,0,,,,
f170507t01p00r10_3,aviris,AVIRIS family,unlabeled,background,Clean background (pretrain),Clean background (pretrain),224,81,81,0,,,,
f170507t01p00r10_4,aviris,AVIRIS family,unlabeled,background,Clean background (pretrain),Clean background (pretrain),224,81,81,0,,,,
f170507t01p00r10_5,aviris,AVIRIS family,unlabeled,background,Clean background (pretrain),Clean background (pretrain),224,81,81,0,,,,
f170507t01p00r10_6,aviris,AVIRIS family,unlabeled,background,Clean background (pretrain),Clean background (pretrain),224,81,81,0,,,,
f170507t01p00r10_7,aviris,AVIRIS family,unlabeled,background,Clean background (pretrain),Clean background (pretrain),224,81,81,0,,,,
f170507t01p00r10_8,aviris,AVIRIS family,unlabeled,background,Clean background (pretrain),Clean background (pretrain),224,81,81,0,,,,
f170507t01p00r10_9,aviris,AVIRIS family,unlabeled,background,Clean background (pretrain),Clean background (pretrain),224,81,81,0,,,,
f180111t01p00r06_1,aviris,AVIRIS family,unlabeled,background,Clean background (pretrain),Clean background (pretrain),224,81,81,0,,,,
f180111t01p00r06_10,aviris,AVIRIS family,unlabeled,background,Clean background (pretrain),Clean background (pretrain),224,81,81,0,,,,
f180111t01p00r06_11,aviris,AVIRIS family,unlabeled,background,Clean background (pretrain),Clean background (pretrain),224,81,81,0,,,,
f180111t01p00r06_12,aviris,AVIRIS family,unlabeled,background,Clean background (pretrain),Clean background (pretrain),224,81,81,0,,,,
f180111t01p00r06_2,aviris,AVIRIS family,unlabeled,background,Clean background (pretrain),Clean background (pretrain),224,81,81,0,,,,
f180111t01p00r06_3,aviris,AVIRIS family,unlabeled,background,Clean background (pretrain),Clean background (pretrain),224,81,81,0,,,,
f180111t01p00r06_4,aviris,AVIRIS family,unlabeled,background,Clean background (pretrain),Clean background (pretrain),224,81,81,0,,,,
f180111t01p00r06_5,aviris,AVIRIS family,unlabeled,background,Clean background (pretrain),Clean background (pretrain),224,81,81,0,,,,
f180111t01p00r06_6,aviris,AVIRIS family,unlabeled,background,Clean background (pretrain),Clean background (pretrain),224,81,81,0,,,,
f180111t01p00r06_7,aviris,AVIRIS family,unlabeled,background,Clean background (pretrain),Clean background (pretrain),224,81,81,0,,,,
f180111t01p00r06_8,aviris,AVIRIS family,unlabeled,background,Clean background (pretrain),Clean background (pretrain),224,81,81,0,,,,
f180111t01p00r06_9,aviris,AVIRIS family,unlabeled,background,Clean background (pretrain),Clean background (pretrain),224,81,81,0,,,,
f180118t01p00r19_1,aviris,AVIRIS family,unlabeled,background,Clean background (pretrain),Clean background (pretrain),224,81,81,0,,,,
f180118t01p00r19_10,aviris,AVIRIS family,unlabeled,background,Clean background (pretrain),Clean background (pretrain),224,81,81,0,,,,
f180118t01p00r19_11,aviris,AVIRIS family,unlabeled,background,Clean background (pretrain),Clean background (pretrain),224,81,81,0,,,,
f180118t01p00r19_12,aviris,AVIRIS family,unlabeled,background,Clean background (pretrain),Clean background (pretrain),224,81,81,0,,,,
f180118t01p00r19_13,aviris,AVIRIS family,unlabeled,background,Clean background (pretrain),Clean background (pretrain),224,81,81,0,,,,
f180118t01p00r19_14,aviris,AVIRIS family,unlabeled,background,Clean background (pretrain),Clean background (pretrain),224,81,81,0,,,,
f180118t01p00r19_15,aviris,AVIRIS family,unlabeled,background,Clean background (pretrain),Clean background (pretrain),224,81,81,0,,,,
f180118t01p00r19_16,aviris,AVIRIS family,unlabeled,background,Clean background (pretrain),Clean background (pretrain),224,81,81,0,,,,
f180118t01p00r19_2,aviris,AVIRIS family,unlabeled,background,Clean background (pretrain),Clean background (pretrain),224,81,81,0,,,,
f180118t01p00r19_3,aviris,AVIRIS family,unlabeled,background,Clean background (pretrain),Clean background (pretrain),224,81,81,0,,,,
f180118t01p00r19_4,aviris,AVIRIS family,unlabeled,background,Clean background (pretrain),Clean background (pretrain),224,81,81,0,,,,
f180118t01p00r19_5,aviris,AVIRIS family,unlabeled,background,Clean background (pretrain),Clean background (pretrain),224,81,81,0,,,,
f180118t01p00r19_6,aviris,AVIRIS family,unlabeled,background,Clean background (pretrain),Clean background (pretrain),224,76,76,0,,,,
f180118t01p00r19_7,aviris,AVIRIS family,unlabeled,background,Clean background (pretrain),Clean background (pretrain),224,81,81,0,,,,
f180118t01p00r19_8,aviris,AVIRIS family,unlabeled,background,Clean background (pretrain),Clean background (pretrain),224,81,81,0,,,,
f180118t01p00r19_9,aviris,AVIRIS family,unlabeled,background,Clean background (pretrain),Clean background (pretrain),224,81,81,0,,,,
f180601t01p00r09_1,aviris,AVIRIS family,unlabeled,background,Clean background (pretrain),Clean background (pretrain),224,81,81,0,,,,
f180601t01p00r09_10,aviris,AVIRIS family,unlabeled,background,Clean background (pretrain),Clean background (pretrain),224,81,81,0,,,,
f180601t01p00r09_11,aviris,AVIRIS family,unlabeled,background,Clean background (pretrain),Clean background (pretrain),224,81,81,0,,,,
f180601t01p00r09_12,aviris,AVIRIS family,unlabeled,background,Clean background (pretrain),Clean background (pretrain),224,81,81,0,,,,
f180601t01p00r09_13,aviris,AVIRIS family,unlabeled,background,Clean background (pretrain),Clean background (pretrain),224,81,81,0,,,,
f180601t01p00r09_14,aviris,AVIRIS family,unlabeled,background,Clean background (pretrain),Clean background (pretrain),224,81,81,0,,,,
f180601t01p00r09_15,aviris,AVIRIS family,unlabeled,background,Clean background (pretrain),Clean background (pretrain),224,81,81,0,,,,
f180601t01p00r09_16,aviris,AVIRIS family,unlabeled,background,Clean background (pretrain),Clean background (pretrain),224,81,81,0,,,,
f180601t01p00r09_17,aviris,AVIRIS family,unlabeled,background,Clean background (pretrain),Clean background (pretrain),224,81,81,0,,,,
f180601t01p00r09_18,aviris,AVIRIS family,unlabeled,background,Clean background (pretrain),Clean background (pretrain),224,81,81,0,,,,
f180601t01p00r09_19,aviris,AVIRIS family,unlabeled,background,Clean background (pretrain),Clean background (pretrain),224,81,81,0,,,,
f180601t01p00r09_2,aviris,AVIRIS family,unlabeled,background,Clean background (pretrain),Clean background (pretrain),224,81,81,0,,,,
f180601t01p00r09_20,aviris,AVIRIS family,unlabeled,background,Clean background (pretrain),Clean background (pretrain),224,81,81,0,,,,
f180601t01p00r09_21,aviris,AVIRIS family,unlabeled,background,Clean background (pretrain),Clean background (pretrain),224,81,81,0,,,,
f180601t01p00r09_22,aviris,AVIRIS family,unlabeled,background,Clean background (pretrain),Clean background (pretrain),224,81,81,0,,,,
f180601t01p00r09_23,aviris,AVIRIS family,unlabeled,background,Clean background (pretrain),Clean background (pretrain),224,81,81,0,,,,
f180601t01p00r09_24,aviris,AVIRIS family,unlabeled,background,Clean background (pretrain),Clean background (pretrain),224,81,81,0,,,,
f180601t01p00r09_25,aviris,AVIRIS family,unlabeled,background,Clean background (pretrain),Clean background (pretrain),224,81,81,0,,,,
f180601t01p00r09_26,aviris,AVIRIS family,unlabeled,background,Clean background (pretrain),Clean background (pretrain),224,81,81,0,,,,
f180601t01p00r09_27,aviris,AVIRIS family,unlabeled,background,Clean background (pretrain),Clean background (pretrain),224,81,81,0,,,,
f180601t01p00r09_28,aviris,AVIRIS family,unlabeled,background,Clean background (pretrain),Clean background (pretrain),224,81,81,0,,,,
f180601t01p00r09_29,aviris,AVIRIS family,unlabeled,background,Clean background (pretrain),Clean background (pretrain),224,81,81,0,,,,
f180601t01p00r09_3,aviris,AVIRIS family,unlabeled,background,Clean background (pretrain),Clean background (pretrain),224,81,81,0,,,,
f180601t01p00r09_30,aviris,AVIRIS family,unlabeled,background,Clean background (pretrain),Clean background (pretrain),224,81,81,0,,,,
f180601t01p00r09_31,aviris,AVIRIS family,unlabeled,background,Clean background (pretrain),Clean background (pretrain),224,81,81,0,,,,
f180601t01p00r09_32,aviris,AVIRIS family,unlabeled,background,Clean background (pretrain),Clean background (pretrain),224,81,81,0,,,,
f180601t01p00r09_33,aviris,AVIRIS family,unlabeled,background,Clean background (pretrain),Clean background (pretrain),224,81,81,0,,,,
f180601t01p00r09_34,aviris,AVIRIS family,unlabeled,background,Clean background (pretrain),Clean background (pretrain),224,81,81,0,,,,
f180601t01p00r09_35,aviris,AVIRIS family,unlabeled,background,Clean background (pretrain),Clean background (pretrain),224,81,81,0,,,,
f180601t01p00r09_36,aviris,AVIRIS family,unlabeled,background,Clean background (pretrain),Clean background (pretrain),224,81,81,0,,,,
f180601t01p00r09_37,aviris,AVIRIS family,unlabeled,background,Clean background (pretrain),Clean background (pretrain),224,81,81,0,,,,
f180601t01p00r09_38,aviris,AVIRIS family,unlabeled,background,Clean background (pretrain),Clean background (pretrain),224,81,81,0,,,,
f180601t01p00r09_39,aviris,AVIRIS family,unlabeled,background,Clean background (pretrain),Clean background (pretrain),224,81,81,0,,,,
f180601t01p00r09_4,aviris,AVIRIS family,unlabeled,background,Clean background (pretrain),Clean background (pretrain),224,81,81,0,,,,
f180601t01p00r09_40,aviris,AVIRIS family,unlabeled,background,Clean background (pretrain),Clean background (pretrain),224,81,81,0,,,,
f180601t01p00r09_41,aviris,AVIRIS family,unlabeled,background,Clean background (pretrain),Clean background (pretrain),224,81,81,0,,,,
f180601t01p00r09_42,aviris,AVIRIS family,unlabeled,background,Clean background (pretrain),Clean background (pretrain),224,81,81,0,,,,
f180601t01p00r09_43,aviris,AVIRIS family,unlabeled,background,Clean background (pretrain),Clean background (pretrain),224,81,81,0,,,,
f180601t01p00r09_44,aviris,AVIRIS family,unlabeled,background,Clean background (pretrain),Clean background (pretrain),224,81,81,0,,,,
f180601t01p00r09_45,aviris,AVIRIS family,unlabeled,background,Clean background (pretrain),Clean background (pretrain),224,81,81,0,,,,
f180601t01p00r09_46,aviris,AVIRIS family,unlabeled,background,Clean background (pretrain),Clean background (pretrain),224,81,81,0,,,,
f180601t01p00r09_47,aviris,AVIRIS family,unlabeled,background,Clean background (pretrain),Clean background (pretrain),224,81,81,0,,,,
f180601t01p00r09_48,aviris,AVIRIS family,unlabeled,background,Clean background (pretrain),Clean background (pretrain),224,81,81,0,,,,
f180601t01p00r09_49,aviris,AVIRIS family,unlabeled,background,Clean background (pretrain),Clean background (pretrain),224,81,81,0,,,,
f180601t01p00r09_5,aviris,AVIRIS family,unlabeled,background,Clean background (pretrain),Clean background (pretrain),224,81,81,0,,,,
f180601t01p00r09_50,aviris,AVIRIS family,unlabeled,background,Clean background (pretrain),Clean background (pretrain),224,81,81,0,,,,
f180601t01p00r09_51,aviris,AVIRIS family,unlabeled,background,Clean background (pretrain),Clean background (pretrain),224,81,81,0,,,,
f180601t01p00r09_52,aviris,AVIRIS family,unlabeled,background,Clean background (pretrain),Clean background (pretrain),224,81,81,0,,,,
f180601t01p00r09_53,aviris,AVIRIS family,unlabeled,background,Clean background (pretrain),Clean background (pretrain),224,81,81,0,,,,
f180601t01p00r09_54,aviris,AVIRIS family,unlabeled,background,Clean background (pretrain),Clean background (pretrain),224,81,81,0,,,,
f180601t01p00r09_55,aviris,AVIRIS family,unlabeled,background,Clean background (pretrain),Clean background (pretrain),224,81,81,0,,,,
f180601t01p00r09_56,aviris,AVIRIS family,unlabeled,background,Clean background (pretrain),Clean background (pretrain),224,81,81,0,,,,
f180601t01p00r09_57,aviris,AVIRIS family,unlabeled,background,Clean background (pretrain),Clean background (pretrain),224,81,81,0,,,,
f180601t01p00r09_58,aviris,AVIRIS family,unlabeled,background,Clean background (pretrain),Clean background (pretrain),224,81,81,0,,,,
f180601t01p00r09_59,aviris,AVIRIS family,unlabeled,background,Clean background (pretrain),Clean background (pretrain),224,81,81,0,,,,
f180601t01p00r09_6,aviris,AVIRIS family,unlabeled,background,Clean background (pretrain),Clean background (pretrain),224,81,81,0,,,,
f180601t01p00r09_60,aviris,AVIRIS family,unlabeled,background,Clean background (pretrain),Clean background (pretrain),224,81,81,0,,,,
f180601t01p00r09_61,aviris,AVIRIS family,unlabeled,background,Clean background (pretrain),Clean background (pretrain),224,81,81,0,,,,
f180601t01p00r09_62,aviris,AVIRIS family,unlabeled,background,Clean background (pretrain),Clean background (pretrain),224,81,81,0,,,,
f180601t01p00r09_63,aviris,AVIRIS family,unlabeled,background,Clean background (pretrain),Clean background (pretrain),224,81,81,0,,,,
f180601t01p00r09_64,aviris,AVIRIS family,unlabeled,background,Clean background (pretrain),Clean background (pretrain),224,81,81,0,,,,
f180601t01p00r09_65,aviris,AVIRIS family,unlabeled,background,Clean background (pretrain),Clean background (pretrain),224,81,81,0,,,,
f180601t01p00r09_66,aviris,AVIRIS family,unlabeled,background,Clean background (pretrain),Clean background (pretrain),224,81,81,0,,,,
f180601t01p00r09_67,aviris,AVIRIS family,unlabeled,background,Clean background (pretrain),Clean background (pretrain),224,81,81,0,,,,
f180601t01p00r09_68,aviris,AVIRIS family,unlabeled,background,Clean background (pretrain),Clean background (pretrain),224,81,81,0,,,,
f180601t01p00r09_69,aviris,AVIRIS family,unlabeled,background,Clean background (pretrain),Clean background (pretrain),224,81,81,0,,,,
f180601t01p00r09_7,aviris,AVIRIS family,unlabeled,background,Clean background (pretrain),Clean background (pretrain),224,81,81,0,,,,
f180601t01p00r09_70,aviris,AVIRIS family,unlabeled,background,Clean background (pretrain),Clean background (pretrain),224,81,81,0,,,,
f180601t01p00r09_71,aviris,AVIRIS family,unlabeled,background,Clean background (pretrain),Clean background (pretrain),224,81,81,0,,,,
f180601t01p00r09_72,aviris,AVIRIS family,unlabeled,background,Clean background (pretrain),Clean background (pretrain),224,81,81,0,,,,
f180601t01p00r09_73,aviris,AVIRIS family,unlabeled,background,Clean background (pretrain),Clean background (pretrain),224,81,81,0,,,,
f180601t01p00r09_74,aviris,AVIRIS family,unlabeled,background,Clean background (pretrain),Clean background (pretrain),224,81,81,0,,,,
f180601t01p00r09_75,aviris,AVIRIS family,unlabeled,background,Clean background (pretrain),Clean background (pretrain),224,81,81,0,,,,
f180601t01p00r09_8,aviris,AVIRIS family,unlabeled,background,Clean background (pretrain),Clean background (pretrain),224,81,81,0,,,,
f180601t01p00r09_9,aviris,AVIRIS family,unlabeled,background,Clean background (pretrain),Clean background (pretrain),224,81,81,0,,,,
